mi,sigma,rf
0.0015096225074639126,0.03443798531599197,0.00041957
