mi,sigma,rf
0.003433905446294751,0.03601163174217144,0.00041957
